{"cameraMode":{"drawMode":0,"name":"Shaded","section":"Shading Mode"},"sceneLighting":false,"audioPlay":false,"sceneViewState":{"showFog":true,"showMaterialUpdate":false,"showSkybox":true,"showFlares":true,"showImageEffects":true,"showParticleSystems":true},"in2DMode":false,"pivot":{"x":22.60245132446289,"y":39.971763610839847,"z":9.536456108093262},"rotation":{"x":0.6342272758483887,"y":-0.0011595323449000717,"z":0.0009515418205410242,"w":0.7731452584266663},"size":7.8436665534973148,"orthographic":true}