{"cameraMode":{"drawMode":0,"name":"Shaded","section":"Shading Mode"},"sceneLighting":false,"audioPlay":false,"sceneViewState":{"showFog":true,"showMaterialUpdate":false,"showSkybox":true,"showFlares":true,"showImageEffects":true,"showParticleSystems":true},"in2DMode":false,"pivot":{"x":35.88962936401367,"y":516.9630126953125,"z":-71.51231384277344},"rotation":{"x":0.6319049596786499,"y":-0.0011623817263171077,"z":0.0009480589651502669,"w":0.7750444412231445},"size":2.927602529525757,"orthographic":true}