{"cameraMode":{"drawMode":0,"name":"Shaded","section":"Shading Mode"},"sceneLighting":false,"audioPlay":false,"sceneViewState":{"showFog":true,"showMaterialUpdate":false,"showSkybox":true,"showFlares":true,"showImageEffects":true,"showParticleSystems":true},"in2DMode":false,"pivot":{"x":38.01046371459961,"y":539.8359985351563,"z":-76.68142700195313},"rotation":{"x":0.6319049596786499,"y":-0.0011623817263171077,"z":0.0009480589651502669,"w":0.7750444412231445},"size":3.170344829559326,"orthographic":true}