{"cameraMode":{"drawMode":0,"name":"Shaded","section":"Shading Mode"},"sceneLighting":false,"audioPlay":false,"sceneViewState":{"showFog":true,"showMaterialUpdate":false,"showSkybox":true,"showFlares":true,"showImageEffects":true,"showParticleSystems":true},"in2DMode":false,"pivot":{"x":37.9119987487793,"y":518.7078247070313,"z":-72.38700103759766},"rotation":{"x":0.6319049596786499,"y":-0.0011623817263171077,"z":0.0009480589651502669,"w":0.7750444412231445},"size":22.0,"orthographic":true}