{"cameraMode":{"drawMode":0,"name":"Shaded","section":"Shading Mode"},"sceneLighting":true,"audioPlay":false,"sceneViewState":{"showFog":true,"showMaterialUpdate":false,"showSkybox":true,"showFlares":true,"showImageEffects":true,"showParticleSystems":true},"in2DMode":false,"pivot":{"x":23.230792999267579,"y":1.2046623229980469,"z":10.688036918640137},"rotation":{"x":0.6226995587348938,"y":-0.08863722532987595,"z":0.07129685580730438,"w":0.7741482853889465},"size":15.580358505249024,"orthographic":false}